{"cameraMode":{"drawMode":0,"name":"Shaded","section":"Shading Mode"},"sceneLighting":true,"audioPlay":false,"sceneViewState":{"showFog":true,"showMaterialUpdate":false,"showSkybox":true,"showFlares":true,"showImageEffects":true,"showParticleSystems":true},"in2DMode":false,"pivot":{"x":-5.759720802307129,"y":0.8760229349136353,"z":29.90684700012207},"rotation":{"x":-0.1834636926651001,"y":-0.009155581705272198,"z":0.0016989570576697589,"w":-0.9830183386802673},"size":12.626580238342286,"orthographic":false}